﻿<?xml version="1.0" encoding="utf-8" standalone="yes"?>
<Gesture Name="SyntheticHLine">
  <Descriptors>
    <PointDescriptor>
      <Points Count="64">
        <Point X="0.5" Y="0.1" T="0" />
		<Point X="0.49" Y="0.1" T="0" />
		<Point X="0.48" Y="0.1" T="0" />
		<Point X="0.47" Y="0.1" T="0" />
		<Point X="0.46" Y="0.1" T="0" />
		<Point X="0.45" Y="0.1" T="0" />
		<Point X="0.43" Y="0.1" T="0" />
		<Point X="0.41" Y="0.1" T="0" />
		<Point X="0.4" Y="0.1" T="0" />
		<Point X="0.39" Y="0.1" T="0" />
		<Point X="0.38" Y="0.1" T="0" />
		<Point X="0.35" Y="0.1" T="0" />
		<Point X="0.33" Y="0.1" T="0" />
		<Point X="0.31" Y="0.1" T="0" />
        <Point X="0.3" Y="0.1" T="0" />
		<Point X="0.29" Y="0.1" T="0" />
		<Point X="0.28" Y="0.1" T="0" />
		<Point X="0.25" Y="0.1" T="0" />
		<Point X="0.23" Y="0.1" T="0" />
		<Point X="0.21" Y="0.1" T="0" />
        <Point X="0.2" Y="0.1" T="0" />
		<Point X="0.19" Y="0.1" T="0" />
		<Point X="0.18" Y="0.1" T="0" />
		<Point X="0.15" Y="0.1" T="0" />
		<Point X="0.13" Y="0.1" T="0" />
		<Point X="0.11" Y="0.1" T="0" />
        <Point X="0.1" Y="0.1" T="0" />
		<Point X="0.09" Y="0.1" T="0" />
		<Point X="0.08" Y="0.1" T="0" />
		<Point X="0.05" Y="0.1" T="0" />
		<Point X="0.03" Y="0.1" T="0" />
		<Point X="0.01" Y="0.1" T="0" />
        <Point X="0.0" Y="0.1" T="0" />
		<Point X="-0.01" Y="0.1" T="0" />
		<Point X="-0.03" Y="0.1" T="0" />
		<Point X="-0.05" Y="0.1" T="0" />
		<Point X="-0.08" Y="0.1" T="0" />
		<Point X="-0.09" Y="0.1" T="0" />
		<Point X="-0.1" Y="0.1" T="0" />
		<Point X="-0.11" Y="0.1" T="0" />
		<Point X="-0.13" Y="0.1" T="0" />
		<Point X="-0.15" Y="0.1" T="0" />
		<Point X="-0.18" Y="0.1" T="0" />
		<Point X="-0.19" Y="0.1" T="0" />
        <Point X="-0.2" Y="0.1" T="0" />
		<Point X="-0.21" Y="0.1" T="0" />
		<Point X="-0.23" Y="0.1" T="0" />
		<Point X="-0.25" Y="0.1" T="0" />
		<Point X="-0.28" Y="0.1" T="0" />
		<Point X="-0.29" Y="0.1" T="0" />
        <Point X="-0.3" Y="0.1" T="0" />
		<Point X="-0.31" Y="0.1" T="0" />
		<Point X="-0.33" Y="0.1" T="0" />
		<Point X="-0.35" Y="0.1" T="0" />
		<Point X="-0.38" Y="0.1" T="0" />
		<Point X="-0.39" Y="0.1" T="0" />
        <Point X="-0.4" Y="0.1" T="0" />
		<Point X="-0.41" Y="0.1" T="0" />
		<Point X="-0.43" Y="0.1" T="0" />
		<Point X="-0.45" Y="0.1" T="0" />
		<Point X="-0.47" Y="0.1" T="0" />
		<Point X="-0.48" Y="0.1" T="0" />
		<Point X="-0.49" Y="0.1" T="0" />
        <Point X="-0.5" Y="0.1" T="0" />		
      </Points>
    </PointDescriptor>
  </Descriptors>
</Gesture>